"File","Issue","FirstLine"
,"Cannot read file","Error: A parameter cannot be found that matches parameter name 'Raw'."
,"Cannot read file","Error: A parameter cannot be found that matches parameter name 'Raw'."
,"Cannot read file","Error: A parameter cannot be found that matches parameter name 'Raw'."
,"Cannot read file","Error: A parameter cannot be found that matches parameter name 'Raw'."
,"Cannot read file","Error: A parameter cannot be found that matches parameter name 'Raw'."
,"Cannot read file","Error: A parameter cannot be found that matches parameter name 'Raw'."
,"Cannot read file","Error: A parameter cannot be found that matches parameter name 'Raw'."
,"Cannot read file","Error: A parameter cannot be found that matches parameter name 'Raw'."
,"Cannot read file","Error: A parameter cannot be found that matches parameter name 'Raw'."
,"Cannot read file","Error: A parameter cannot be found that matches parameter name 'Raw'."
,"Cannot read file","Error: A parameter cannot be found that matches parameter name 'Raw'."
"D:\Unite Group\src\components\admin\SiteAuditDashboard.tsx","Contains markdown code block","To fix this code quality issue, the TODO comment found in the file ""src\components\admin\SiteAuditDashboard.tsx"" should be addressed. "
"D:\Unite Group\src\components\blog\NewsletterSubscribe.tsx","Contains markdown code block","To resolve the ""Catch block without proper error handling"" issue in `src\components\blog\NewsletterSubscribe.tsx`, follow these steps:"
"D:\Unite Group\src\components\crm\CustomerList.tsx","Contains markdown code block","Here's an enhanced version of the CRM customer list component with comprehensive error handling, validation, and security features:"
"D:\Unite Group\src\components\layout\Footer.tsx","Contains markdown code block","Here's a production-ready `Footer.tsx` component designed with Tailwind CSS, accessibility, and modern UI practices in mind:"
"D:\Unite Group\src\components\layout\Navbar.tsx","Contains markdown code block","Here's a production-ready `Navbar.tsx` file using Next.js, TypeScript, Tailwind CSS, and React Icons:"
"D:\Unite Group\src\components\performance\ResourceOptimizer.tsx","Contains markdown code block","To address the issue of ""Catch block without proper error handling"" in `src/components/performance/ResourceOptimizer.tsx`, follow these steps:"
"D:\Unite Group\src\components\pwa\InstallPrompt.tsx","Contains markdown code block","To fix the code quality issue of having `console.log` statements in production code, you can simply remove or comment out the `console.log` statement in the `src\components\pwa\InstallPrompt.tsx` file. "
"D:\Unite Group\src\lib\ai\analytics\AdvancedAnalyticsEngine.ts","Contains markdown code block","To fix this issue, the console.log statements should be removed from the production code in AdvancedAnalyticsEngine.ts file. "
"D:\Unite Group\src\lib\ai\analytics\BehaviorPredictor.ts","Contains markdown code block","To fix the code quality issue of having `console.log` statements in production code, you can replace the `console.log` statement with proper logging using a logging library such as Winston. Here's an example of how you can refactor the code:"
"D:\Unite Group\src\lib\ai\analytics\CustomerJourneyAnalyzer.ts","Contains markdown code block","To fix the code quality issue of using `console.log` in production code, follow these steps:"
"D:\Unite Group\src\lib\ai\analytics\FinancialModeler.ts","Contains markdown code block","To fix the code quality issue of having a `console.log` statement in production code, you can either remove the `console.log` statement or replace it with a logging library that provides more control and configurability. "
"D:\Unite Group\src\lib\ai\analytics\RealTimeMarketIntelligence.ts","Contains markdown code block","To fix the code quality issue of having a console.log statement in production code, you can remove or comment out the console.log statement in the RealTimeMarketIntelligence.ts file. Here is an example of how you can do this:"
"D:\Unite Group\src\lib\ai\capacity\ScalingEngine.ts","Contains markdown code block","```typescript"
"D:\Unite Group\src\lib\ai\cognitive\AdvancedBusinessIntelligence.ts","Contains markdown code block","To fix this code quality issue, we should remove the console.log statement from the production code. Logging to the console in production code can expose sensitive information and can also impact the performance of the application. "
"D:\Unite Group\src\lib\ai\consciousness\ConsciousnessSimulationEngine.ts","Contains markdown code block","To fix the code quality issue of having a console.log statement in production code, you should remove or comment out the console.log statement. Here's an example of how you can do this:"
"D:\Unite Group\src\lib\ai\deployment\DeploymentOrchestrator.ts","Contains markdown code block","To fix the code quality issue of having `console.log` in production code, you should remove or replace the console.log statement in the `DeploymentOrchestrator.ts` file with a more appropriate logging mechanism. "
"D:\Unite Group\src\lib\ai\deployment\DeploymentValidator.ts","Contains markdown code block","To fix the code quality issue of having `console.log` statements in production code, you can replace it with appropriate error handling or logging mechanisms. Here is an example of how you can refactor the code in `DeploymentValidator.ts`:"
"D:\Unite Group\src\lib\ai\ensemble\MultiModelCoordinator.ts","Contains markdown code block","To address the issue of a catch block without proper error handling, we need to log the error and rethrow it to allow higher-level error handling. Here's the corrected code:"
"D:\Unite Group\src\lib\ai\gateway\cache\ai-cache.ts","Contains markdown code block","To fix the code quality issue of having a `console.log` statement in production code, you should remove or replace it with a proper logging solution. Here is an example of how you can use a logging library like `winston` to replace `console.log`:"
"D:\Unite Group\src\lib\ai\gateway\routing\ai-router.ts","Contains markdown code block","To fix this issue, you should remove the console.log statement from the production code in ai-router.ts. Here is an example:"
"D:\Unite Group\src\lib\ai\gateway\enhanced-ai-gateway.ts","Contains markdown code block","To fix the code quality issue of having a `console.log` statement in production code, you can remove or comment out that line of code. "
"D:\Unite Group\src\lib\ai\gateway\production-ai-gateway.ts","Contains markdown code block","To fix the code quality issue caused by `console.log` statements in production, we need to remove or replace them with proper logging. Here's a step-by-step solution:"
"D:\Unite Group\src\lib\ai\infrastructure\IntelligentCDNManager.ts","Contains markdown code block","```typescript"
"D:\Unite Group\src\lib\ai\innovation\AdvancedFeatureDeveloper.ts","Contains markdown code block","By removing the console.log statement in the production code, we can improve the code quality. Here is the updated code:"
"D:\Unite Group\src\lib\ai\innovation\AutonomousCodeGenerator.ts","Contains markdown code block","To address the issue of `console.log` in production code, we can safely remove the logging statements from the provided code. Here's the fixed version:"
"D:\Unite Group\src\lib\ai\innovation\AutonomousProductDeveloper.ts","Contains markdown code block","To fix the code quality issue of having a console.log statement in production code, you should remove or replace it with proper logging using a logging library. Here's an example of how you can refactor the code to use a logging library like Winston:"
"D:\Unite Group\src\lib\ai\innovation\FeatureDeveloper.ts","Contains markdown code block","To fix the code quality issue of having `console.log` statements in production code, you should remove or replace them with appropriate logging mechanisms. Here's an example of how you can refactor the `console.log` statements in your `FeatureDeveloper.ts` file:"
"D:\Unite Group\src\lib\ai\integration\AutonomousIntegrationEngine.ts","Contains markdown code block","To fix this code quality issue, you should remove the `console.log` statement from the production code. You can either delete the line or comment it out if you want to keep it for debugging purposes. Here is an example of how you can remove the `console.log` statement:"
"D:\Unite Group\src\lib\ai\interfaces\NeuralInterfaceAdapter.ts","Contains markdown code block","To address the issue of `console.log` statements being present in production code, we remove all instances of `console.log` while maintaining necessary error logging and code structure."
"D:\Unite Group\src\lib\ai\monitoring\DiagnosticsEngine.ts","Contains markdown code block","To fix the code quality issue of having a console.log statement in production code, you should replace it with a proper logging mechanism that is suitable for production environments. Here is an example of how you can refactor the code in DiagnosticsEngine.ts:"
"D:\Unite Group\src\lib\ai\monitoring\SystemMonitor.ts","Contains markdown code block","One way to fix this issue is to surround the console.log statement with an if condition that checks if the application is running in a development environment. This can be achieved by setting a global variable like `isDev` to `true` in development mode and `false` in production mode."
"D:\Unite Group\src\lib\ai\optimization\AdvancedLoadBalancer.ts","Contains markdown code block","To fix the code quality issue of having console.log statements in production code, you can remove or comment out the console.log statements in the AdvancedLoadBalancer.ts file. Here's an example of how you can comment out the console.log statements:"
"D:\Unite Group\src\lib\ai\optimization\RealTimeOptimizer.ts","Contains markdown code block","To fix the code quality issue of having a `console.log` statement in production code, you should remove or comment out the `console.log` statement in the `RealTimeOptimizer.ts` file. Having `console.log` statements can expose sensitive information and should not be present in production code."
"D:\Unite Group\src\lib\ai\optimization\ResourceAllocator.ts","Contains markdown code block","To fix this issue, you should remove the console.log statement from the production code in the file ""src\lib\ai\optimization\ResourceAllocator.ts"". "
"D:\Unite Group\src\lib\ai\orchestration\IntelligentServiceOrchestrator.ts","Contains markdown code block","To address the issue of a catch block without proper error handling, we need to improve error handling in the `executeService` method. The original code simply caught errors and re-threw them without any additional handling, which is insufficient. The fix involves properly logging errors and re-throwing them with a clearer error message to aid in debugging."
"D:\Unite Group\src\lib\ai\orchestration\ProcessAutomation.ts","Contains markdown code block","One way to fix this issue is to remove or comment out the console.log statement in the production code. Console.log statements are typically used for debugging purposes and should not be left in production code as they can expose sensitive information and impact performance."
"D:\Unite Group\src\lib\ai\personalization\service.ts","Contains markdown code block","To resolve the issue of a catch block without proper error handling in `src\lib\ai\personalization\service.ts`, follow these steps:"
"D:\Unite Group\src\lib\ai\predictive\models\SystemHealthModel.ts","Contains markdown code block","To fix the code quality issue of having console.log statements in production code, we can remove the console.log statement or replace it with proper logging mechanisms like using a logging library. Here is an example of how you can refactor the code in SystemHealthModel.ts:"
"D:\Unite Group\src\lib\ai\predictive\FailurePredictor.ts","Contains markdown code block","One way to fix this issue is to remove or comment out the console.log statement in the production code. "
"D:\Unite Group\src\lib\ai\predictive-analytics\service.ts","Contains markdown code block","To resolve the ""Catch block without proper error handling"" issue in the specified file, we need to enhance the error handling in the catch block. Here's the fixed code with detailed comments:"
"D:\Unite Group\src\lib\ai\quantum\QuantumProcessingInterface.ts","Contains markdown code block","Here???s a code review for the specified file with recommendations to address `console.log` usage:"
"D:\Unite Group\src\lib\ai\quantum\QuantumReadyCryptography.ts","Contains markdown code block","To fix the ""Catch block without proper error handling"" issue in `QuantumReadyCryptography.ts`, ensure that each exception is either handled appropriately or re-thrown. Here's how to address this pattern:"
"D:\Unite Group\src\lib\ai\resources\ResourcePredictor.ts","Contains markdown code block","To fix this issue in production code, we should remove any console.log statements from the code. Here is an updated version of the ResourcePredictor.ts file without any console.log statements:"
"D:\Unite Group\src\lib\ai\security\AutoResponse.ts","Contains markdown code block","To fix the code quality issue of having a console.log statement in production code, you should remove or replace the console.log statement with a different form of logging that is appropriate for production use. Here's an example of how you can refactor the code in the AutoResponse.ts file:"
"D:\Unite Group\src\lib\ai\security\SecurityOrchestrator.ts","Contains markdown code block","To fix the code quality issue of having a `console.log` statement in production code, you can either remove the `console.log` statement or replace it with a logging library that handles different log levels and provides more control over logging in production."
"D:\Unite Group\src\lib\ai\security\ThreatDetector.ts","Contains markdown code block","To fix the code quality issue of having a console.log statement in production code, you should remove or replace the console.log statement with a proper logging mechanism that is suitable for production environments. "
"D:\Unite Group\src\lib\ai\workflow\EfficiencyAnalyzer.ts","Contains markdown code block","To fix this code quality issue, you should remove the console.log statement from the production code. Here is the updated code:"
"D:\Unite Group\src\lib\ai\automation-engine.ts","Contains markdown code block","To ensure console.log statements are not present in production code, you can remove or comment out the console.log statements in the production code. Here is how you can fix the code quality issue in automation-engine.ts:"
"D:\Unite Group\src\lib\ai\personalization-engine.ts","Contains markdown code block","To fix the code quality issue of having a console.log statement in production code, you can remove or comment out the console.log statement in the `personalization-engine.ts` file. "
"D:\Unite Group\src\lib\ai\recommendation-engine.ts","Contains markdown code block","One way to fix this issue is to remove the console.log statement from the production code. "
"D:\Unite Group\src\lib\ai-agent\hybrid\hooks\use-agent-state.ts","Contains markdown code block","To resolve the issue of `console.log` statements in production code, we need to replace them with a logging function that is disabled in production. Here's how to fix it in `src\lib\ai-agent\hybrid\hooks\use-agent-state.ts`:"
"D:\Unite Group\src\lib\ai-agent\hybrid\agent-manager.ts","Contains markdown code block","To fix this code quality issue, we should remove the 'console.log' statement from the production code in the 'agent-manager.ts' file. "
"D:\Unite Group\src\lib\ai-agent\hybrid\types.ts","Contains markdown code block","To resolve the ""Catch block without proper error handling"" issue, follow these steps:"
"D:\Unite Group\src\lib\analytics\index.ts","Contains markdown code block","To fix the code quality issue of having a console.log statement in production code, you can remove or comment out the console.log statement in the `index.ts` file in the `src\lib\analytics` directory."
"D:\Unite Group\src\lib\analytics\service.ts","Contains markdown code block","To fix this code quality issue, you should remove the console.log statement from the production code in service.ts. "
"D:\Unite Group\src\lib\auth\session-middleware.ts","Contains markdown code block",""
"D:\Unite Group\src\lib\automation\workflow-engine.ts","Contains markdown code block","To fix the code quality issue of having `console.log` statements in production code, you can replace the `console.log` statements with a proper logging solution such as a logger library like Winston or bunyan. "
"D:\Unite Group\src\lib\autonomous\monitoring\service.ts","Contains markdown code block","To fix the code quality issue of having a `console.log` statement in production code, you should remove or comment out the `console.log` statement in the file `src\lib\autonomous\monitoring\service.ts`."
"D:\Unite Group\src\lib\cognitive\analytics\index.ts","Contains markdown code block","To address the issue of `console.log` statements in production code, we should remove or refactor them. Here's the step-by-step approach:"
"D:\Unite Group\src\lib\crm\workflow\engine.ts","Contains markdown code block","To address this issue, we should remove the console.log statement from the production code. Here's the revised code without the console.log statement:"
"D:\Unite Group\src\lib\ecosystem\service.ts","Contains markdown code block","To fix the code quality issue of having a `console.log` statement in production code, you can either remove the `console.log` statement entirely or replace it with a more suitable method of logging that is appropriate for production code, such as using a logging library like Winston or Bunyan."
"D:\Unite Group\src\lib\innovation\autonomous-development\ai-feature-generator.ts","Contains markdown code block","To address the issue of `console.log` found in production code within `src/lib/innovation/autonomous-development/ai-feature-generator.ts`, follow these steps:"
"D:\Unite Group\src\lib\innovation\autonomous-development\deployment-engine.ts","Contains markdown code block","To fix the code quality issue of having a `console.log` statement in production code, we should remove or replace the `console.log` statement with a more appropriate solution such as logging to a file, using a logger library, or handling the output in a better way."
"D:\Unite Group\src\lib\innovation\autonomous-development\development-pipeline.ts","Contains markdown code block","To fix the code quality issue of having a console.log statement in production code, you can remove or comment out the console.log statement in the `development-pipeline.ts` file."
"D:\Unite Group\src\lib\innovation\autonomous-development\qa-system.ts","Contains markdown code block","To fix this issue, you should remove the console.log statement from the production code. Here is an updated version of the code without the console.log statement:"
"D:\Unite Group\src\lib\monitoring\performance-monitor.ts","Contains markdown code block","One way to fix this issue is to remove the console.log statement from the production code. Console.log statements are typically used for debugging purposes and should not be present in production code."
"D:\Unite Group\src\lib\performance\bundle-optimizer.ts","Contains markdown code block","```typescript"
"D:\Unite Group\src\lib\performance\resource-optimizer.ts","Contains markdown code block","To fix the issue where a catch block lacks proper error handling, we should take the following steps:"
"D:\Unite Group\src\lib\pwa\registerSW.ts","Contains markdown code block","To fix the code quality issue of having console.log statements in production code, you can remove or comment out the console.log statement in the ""registerSW.ts"" file. Here's an example of how you can do this:"
"D:\Unite Group\src\lib\services\base\RuntimeService.ts","Contains markdown code block","To fix the code quality issue of having `console.log` statements in production code, we can replace them with proper logging mechanisms such as using a logging library like `winston` or `log4js`."
"D:\Unite Group\src\lib\services\redis\RedisService.ts","Contains markdown code block","To fix this code quality issue, we should remove the console.log statement from the production code. Here is the updated code:"
,"Cannot read file","Error: Access to the path 'D:\Unite Group\src\lib\services\supabase\index.ts' is denied."
"D:\Unite Group\src\lib\services\resources.ts","Contains markdown code block","To fix the code quality issue of `console.log` found in production code from `src\lib\services\resources.ts`, follow these steps:"
"D:\Unite Group\src\lib\utils\repair-cli.ts","Contains markdown code block","To fix the code quality issue of having `console.log` statements in production code, you can either remove the `console.log` statement or replace it with a proper logging solution like `winston` or `pino`. Here's an example of how you could refactor the code in `repair-cli.ts`:"
"D:\Unite Group\src\lib\websocket\MessageSocket.tsx","Contains markdown code block","To fix the code quality issue of having a `console.log` statement in production code, you should remove or comment out the `console.log` statement in the `MessageSocket.tsx` file. "
"D:\Unite Group\src\templates\ModernBlogPostTemplate.tsx","Contains markdown code block","To address the issue of a catch block without proper error handling in `src\templates\ModernBlogPostTemplate.tsx`, follow these steps:"
